name,link,grade
Test 1,https://campusvirtual.colombia.unir.net/mod/quiz/grade.php?id=350237&itemnumber=0&userid=15524,10.00
Test 2,https://campusvirtual.colombia.unir.net/mod/quiz/grade.php?id=350240&itemnumber=0&userid=15524,10.00
Test 3,https://campusvirtual.colombia.unir.net/mod/quiz/grade.php?id=350243&itemnumber=0&userid=15524,10.00
Test 4,https://campusvirtual.colombia.unir.net/mod/quiz/grade.php?id=350246&itemnumber=0&userid=15524,10.00
Test 5,https://campusvirtual.colombia.unir.net/mod/quiz/grade.php?id=350249&itemnumber=0&userid=15524,10.00
Test 6,https://campusvirtual.colombia.unir.net/mod/quiz/grade.php?id=350252&itemnumber=0&userid=15524,10.00
Test 7,https://campusvirtual.colombia.unir.net/mod/quiz/grade.php?id=350255&itemnumber=0&userid=15524,10.00
Test 8,https://campusvirtual.colombia.unir.net/mod/quiz/grade.php?id=350258&itemnumber=0&userid=15524,10.00
Test 9,https://campusvirtual.colombia.unir.net/mod/quiz/grade.php?id=350261&itemnumber=0&userid=15524,10.00
Test 10,https://campusvirtual.colombia.unir.net/mod/quiz/grade.php?id=350264&itemnumber=0&userid=15524,10.00
Test 11,https://campusvirtual.colombia.unir.net/mod/quiz/grade.php?id=350267&itemnumber=0&userid=15524,10.00
Test 12,https://campusvirtual.colombia.unir.net/mod/quiz/grade.php?id=350270&itemnumber=0&userid=15524,10.00
Test 13,https://campusvirtual.colombia.unir.net/mod/quiz/grade.php?id=350273&itemnumber=0&userid=15524,10.00
Test 14,https://campusvirtual.colombia.unir.net/mod/quiz/grade.php?id=350276&itemnumber=0&userid=15524,10.00
Test 15,https://campusvirtual.colombia.unir.net/mod/quiz/grade.php?id=350279&itemnumber=0&userid=15524,10.00
